Balanced Accuracy,Aggregate Average Precision,ROC_AUC,Matthews Correlation Coefficient
0.9916666666666667,0.9821428571428571,0.9988558030600556,0.989786443825441
1.0,0.9250000000000002,1.0,1.0
1.0,0.9250000000000002,1.0,1.0
1.0,0.9250000000000002,1.0,1.0
1.0,0.9250000000000002,1.0,1.0
1.0,0.875,1.0,1.0
1.0,0.875,1.0,1.0
1.0,0.875,1.0,1.0
1.0,0.875,1.0,1.0
1.0,0.875,1.0,1.0
