Balanced Accuracy,Aggregate Average Precision,ROC_AUC,Matthews Correlation Coefficient
0.9713744588744588,0.9642857142857143,1.0,0.9694353048243588
1.0,0.9250000000000002,1.0,1.0
1.0,0.9250000000000002,1.0,1.0
1.0,0.9250000000000002,1.0,1.0
1.0,0.9250000000000002,1.0,1.0
1.0,0.875,1.0,1.0
1.0,0.875,1.0,1.0
1.0,0.875,1.0,1.0
1.0,0.875,1.0,1.0
1.0,0.875,1.0,1.0
