Balanced Accuracy,Aggregate Average Precision,ROC_AUC,Matthews Correlation Coefficient
1.0,0.9250000000000002,1.0,1.0
0.9827380952380953,0.9732142857142857,1.0,0.9795691105071297
1.0,0.9250000000000002,1.0,1.0
0.9910714285714286,0.9166666666666669,0.9999079528718704,0.9897854996708433
1.0,0.9250000000000002,1.0,1.0
0.9916666666666667,0.9285714285714287,1.0,0.9892015420366608
1.0,0.875,1.0,1.0
1.0,0.875,1.0,1.0
1.0,0.875,1.0,1.0
0.9916666666666667,0.8666666666666667,1.0,0.9892015420366608
